{"gradient/train":0.40221064617122215,"_timestamp":1.7376204613836145e+09,"_runtime":24.669471942,"_step":4,"_wandb":{"runtime":26},"loss/train":0.5701760649681091,"learning_rate/tran":0.00099999999944539}