{"_runtime":581.563890449,"_step":9,"train/loss":0.27911852300167084,"_wandb":{"runtime":706},"train/learning_rate":0.0009999999975282192,"train/gradient":0.08676388211862514,"_timestamp":1.7376942617012286e+09}