{"_step":4,"_wandb":{"runtime":536},"train/loss":0.24777067452669144,"train/learning_rate":0.00099999999944539,"train/gradient":0.10029382774240791,"_timestamp":1.737708061706702e+09,"_runtime":45.629238768}