{"_runtime":25.317405675,"_step":4,"epoch":10,"loss":0.692792683839798,"_wandb":{"runtime":83},"learning_rate":0.00099999999944539,"gradient":0.2616599810593382,"_timestamp":1.7376171612190309e+09}