{"val/loss":0.7367493062735365,"_wandb":{"runtime":446},"train/loss":0.5534134805202484,"train/learning_rate":0.0009999999975282192,"train/gradient":0.30288911217194764,"_timestamp":1.7376255762047777e+09,"_runtime":403.329608448,"_step":10}