{"_step":4,"epoch":10,"loss":0.692792683839798,"_wandb":{"runtime":57},"learning_rate":0.00099999999944539,"gradient":0.2616599868141787,"_timestamp":1.737618118729895e+09,"_runtime":24.961324398}