{"_runtime":27.580894805,"_step":4,"train/loss":0.27441348135471344,"train/learning_rate":0.00099999999944539,"train/gradient":0.1465156515420467,"_timestamp":1.7376919640297325e+09,"_wandb":{"runtime":59}}