{"train/loss":0.2562883347272873,"train/learning_rate":0.0009999999572676379,"train/gradient":0.03854531906110774,"_timestamp":1.7377179486315417e+09,"_runtime":3262.624083712,"_wandb":{"runtime":3562},"_step":39}