{"train/loss":0.24777066707611084,"train/learning_rate":0.00099999999944539,"train/gradient":0.10029382778854162,"_timestamp":1.7377337988380353e+09,"_runtime":46.125299125,"_step":4,"_wandb":{"runtime":51}}