{"epoch":10,"loss":0.692792683839798,"_wandb":{"runtime":42},"learning_rate":0.00099999999944539,"gradient":0.2616599812334202,"_timestamp":1.7376162195141551e+09,"_runtime":40.223020083,"_step":4}