{"train/loss":0.24522972106933594,"_wandb":{"runtime":1134},"train/learning_rate":0.000999999994241641,"train/gradient":0.08058655419512833,"_timestamp":1.7377097319309068e+09,"_runtime":1116.093738143,"_step":14}