{"gradient/train":0.3028891204224946,"_timestamp":1.7376249384972026e+09,"_runtime":395.158519534,"_step":10,"val/loss":0.7367493085586987,"_wandb":{"runtime":409},"loss/train":0.5534134805202484,"learning_rate/tran":0.0009999999975282192}