{"epoch":14,"loss":0.6878150999546051,"learning_rate":0.000999999998842851,"_wandb":{"runtime":388},"gradient":0.2177931724168007,"_timestamp":1.7376186406305141e+09,"_runtime":387.608050953,"_step":7}