{"_runtime":26.54514679,"_step":4,"loss/train":0.5425757765769958,"learning_rate/tran":0.00099999999944539,"gradient/train":0.3534692739933306,"_timestamp":1.737623916664995e+09,"_wandb":{"runtime":30}}